案件名,価格,Link
勤怠管理システムにおけるiPhone版の出勤／退勤打刻・位置情報登録アプリ開発依頼,3万~5万,https://coconala.com/requests/984935
PDFもしくはテキスト比較ツール,                  見積り希望                ,https://coconala.com/requests/984888
1個のホームページの全部のアドレスをExcelで一覧表にしたい,"5,000~1万",https://coconala.com/requests/1008570
Bet365自動ツール,3万~5万,https://coconala.com/requests/1008527
bot開発をお願いしたいです,                  見積り希望                ,https://coconala.com/requests/1008370
pythonを使用したAIで感染症などシュミレーションgoogleColabora,"1,000~3,000",https://coconala.com/requests/1007544
iOS、アンドロイドアプリの開発,1万~3万,https://coconala.com/requests/1006767
MACBOOKを使った文字の流し込みの自動処理,                  見積り希望                ,https://coconala.com/requests/1006520
ジャミング（妨害機）対策,"3,000~5,000",https://coconala.com/requests/1006345
PF制作ECサイトの設計の正誤を見て頂きたい,"5,000~1万",https://coconala.com/requests/1006083
AzureAppServiceへのシステム移行に関する相談,"1,000~3,000",https://coconala.com/requests/1005811
飲食関係の発注数を簡単に出したい,"1,000~3,000",https://coconala.com/requests/1005539
競艇の買い目予想ツールの作成依頼,                  見積り希望                ,https://coconala.com/requests/1005254
RPA（UiPath）で1サイトにリストから文字を入れて、実行して、DLお願いいたします。,"1,000~3,000",https://coconala.com/requests/1005205
5000円でお願いします。作業未完了の場合はキャンセルでStripeの円決済API編集,"5,000~1万",https://coconala.com/requests/1004932
Webサイト（中国）の公開日を調べていただきたい,                  見積り希望                ,https://coconala.com/requests/1004848
citiesskylinesのmodの制作のお願いです。,3万~5万,https://coconala.com/requests/1004630
フォレックステスター4の設定,"1,000~3,000",https://coconala.com/requests/1004237
PDFファイルへの差し込み印刷,"5,000~1万",https://coconala.com/requests/1004199
コーディングが出来る方,"5,000~1万",https://coconala.com/requests/1004150
PythonDjangoアプリAWSのS3とDjangoアプリの接続のやり方を教えて欲しい,1万~3万,https://coconala.com/requests/1003915
ツイキャスAPIを使ってアイテムが投げられた時にダイアログを配信に表示できるようにしたい,"5,000~1万",https://coconala.com/requests/1003815
2dautocadから図面を読み込みデータ化,                  見積り希望                ,https://coconala.com/requests/1003132
アイホンのショートカットにて,"1,000~3,000",https://coconala.com/requests/1003083
公式LINEリッチメニューとLINEを連携したい,"3,000~5,000",https://coconala.com/requests/1002210
Twitterの登録メールアドレス変更をしてほしい,"3,000~5,000",https://coconala.com/requests/1001815
いいねの連打検証,                  見積り希望                ,https://coconala.com/requests/1001660
セルフエステ用のiphoneipadAndroid対応アプリ,5万~10万,https://coconala.com/requests/1001021
アフェリエイトタグ設置,                  見積り希望                ,https://coconala.com/requests/1000400
BASE決済とディスコード自動連携,1万~3万,https://coconala.com/requests/1000009
自動ツールの作成、修正、継続のお仕事,10万~30万,https://coconala.com/requests/999823
常駐型Twitter用メディアダウンローダーの制作依頼,1万~3万,https://coconala.com/requests/999784
【Pythonプログラム作成】PDFからハイライト箇所を抜き出し(参考資料あり),1万~3万,https://coconala.com/requests/999352
企業のISSUEを開発してくれる方！,5万~10万,https://coconala.com/requests/998086
CMSレンタルシステムの開発,3万~5万,https://coconala.com/requests/997623
bet365の自動ベットもしくは配信,3万~5万,https://coconala.com/requests/997309
占いアプリの開発,                  見積り希望                ,https://coconala.com/requests/994643
企業ホームページのお問い合わせ欄に一斉送信したいのですが、対応できる方いらっしゃいますか？,50万~100万,https://coconala.com/requests/993811
ネットショップの自動購入botの作成依頼,3万~5万,https://coconala.com/requests/992449
iOSとAndroidアプリの開発を依頼したいです,3万~5万,https://coconala.com/requests/989285
shopifyでの越境サブスクページの構築,1万~3万,https://coconala.com/requests/1002161
wpforoforums掲示板に相談,"1,000~3,000",https://coconala.com/requests/1001984
wordpressを使用したphpコーディングをお願い致します！,5万~10万,https://coconala.com/requests/1001972
ペライチによるLP作成,1万~3万,https://coconala.com/requests/1001770
ホームページリニューアル,3万~5万,https://coconala.com/requests/1001544
「戻る」「タブを閉じる」で、モーダルが開くwordpressプラグイン作成,"5,000~1万",https://coconala.com/requests/1000622
アフェリエイトタグ設置トラッキング,"5,000~1万",https://coconala.com/requests/1000401
アフェリエイトタグ設置依頼トラッキング,"5,000~1万",https://coconala.com/requests/1000395
音楽イベント会社のホームページ作成依頼,1万~3万,https://coconala.com/requests/1000139
PCやスマホなどで読みやすい、web漫画ビューアのシステム（漫画を読むためのシステム）のみの作成,1万~3万,https://coconala.com/requests/999759
楽天市場運営代行【バナー・タイトル入れ替えなど】ご提案をお待ちします。,                  見積り希望                ,https://coconala.com/requests/999294
【素材のみでOK】LP素材作成,3万~5万,https://coconala.com/requests/998997
【グラフィックのみでも可】LP作成,5万~10万,https://coconala.com/requests/998942
おしゃれなブログ制作希望,10万~30万,https://coconala.com/requests/998515
有料の会員制サイトをつくりたい,5万~10万,https://coconala.com/requests/997065
自社ECサイト（BASE）にBASEAppsを利用してアフィリエイトID解析を埋め込む案件,50万~100万,https://coconala.com/requests/996946
WORDPRESSサイトの画像切り替え,                  見積り希望                ,https://coconala.com/requests/996718
民泊サイトのような、新しいマッチングサービス立ち上げに向けてのメンバーを募集します。（再投稿）,5万~10万,https://coconala.com/requests/996622
自動見積もりツールのHTML5+CSS3+Js(jQuery)コーディング（デザイン有り）,                  見積り希望                ,https://coconala.com/requests/996476
ホームページ制作(カウンセリングクラスルーム,3万~5万,https://coconala.com/requests/996126
スマートフォンにおけるサイトの表示位置の修正,"1,000~3,000",https://coconala.com/requests/996103
ホームページの整理(リニューアル),                  見積り希望                ,https://coconala.com/requests/996080
Wixでのページデザイン＆制作（1P）,"1,000~3,000",https://coconala.com/requests/994207
仮想通貨ステーキング専門サイト作れる方募集,10万~30万,https://coconala.com/requests/994166
wixで作ったHPの改装をお願いしたいです。,3万~5万,https://coconala.com/requests/992135
広報サイト/ページのコーディング作業（サービス紹介、講座紹介など）,3万~5万,https://coconala.com/requests/990910
家事代行サービスを運営する個人のHP制作,1万~3万,https://coconala.com/requests/990840
仮想通貨yieldfarmingサイト制作,10万~30万,https://coconala.com/requests/990436
@LINE内でカレンダー設定、施術内容設定等,"3,000~5,000",https://coconala.com/requests/987824
アロマセラピー店舗のHP作成,1万~3万,https://coconala.com/requests/987698
お店のホームページ,5万~10万,https://coconala.com/requests/987623
【長期スケジュール！】WEB制作起業に伴う新コーポレートサイト制作ご依頼【WF及び参考サイト有】,"5,000~1万",https://coconala.com/requests/985709
ココナラさんのようなシステムのHPを制作できませんか？,3万~5万,https://coconala.com/requests/984471
WORDのマクロおねがいいたします。,"1,000~3,000",https://coconala.com/requests/1003303
WORD100P原稿をgoogleドキュメントに見出し設定をしてUPする方法を教えてください,"1,000~3,000",https://coconala.com/requests/1003292
ワードプレスのカスタマイズをお願い致します。,                  見積り希望                ,https://coconala.com/requests/1003217
【継続的な依頼希望】ノーコードでのWebサイト制作,                  見積り希望                ,https://coconala.com/requests/1003080
WPCocoonChildヘッダ-画像の調整,"1,000~3,000",https://coconala.com/requests/1002967
【商品販売まで希望】カラーミーショップのサイトデザインをお願いします。,1万~3万,https://coconala.com/requests/1002576
【継続依頼あり】まずは一ヶ月WEB業務全般にご対応いただける方募集,10万~30万,https://coconala.com/requests/1002303
